{"cameraMode":{"drawMode":0,"name":"Shaded","section":"Shading Mode"},"sceneLighting":true,"audioPlay":false,"sceneViewState":{"m_AlwaysRefresh":false,"showFog":true,"showSkybox":true,"showFlares":true,"showImageEffects":true,"showParticleSystems":true,"showVisualEffectGraphs":true,"m_FxEnabled":true},"in2DMode":false,"pivot":{"x":-13.217570304870606,"y":21.68399429321289,"z":4.864532470703125},"rotation":{"x":0.23977060616016389,"y":-0.14007647335529328,"z":0.035828299820423129,"w":0.9602805376052856},"size":18.083187103271486,"orthographic":false}