{"cameraMode":{"drawMode":0,"name":"Shaded","section":"Shading Mode"},"sceneLighting":true,"audioPlay":false,"sceneViewState":{"m_AlwaysRefresh":false,"showFog":true,"showSkybox":true,"showFlares":true,"showImageEffects":true,"showParticleSystems":true,"showVisualEffectGraphs":true,"m_FxEnabled":true},"in2DMode":false,"pivot":{"x":473.3254089355469,"y":289.3539123535156,"z":15.09088134765625},"rotation":{"x":-0.028800418600440027,"y":0.022591840475797654,"z":-0.000548727810382843,"w":-0.9994463920593262},"size":337.40557861328127,"orthographic":false}