{"cameraMode":{"drawMode":0,"name":"Shaded","section":"Shading Mode"},"sceneLighting":true,"audioPlay":false,"sceneViewState":{"m_AlwaysRefresh":false,"showFog":true,"showSkybox":true,"showFlares":true,"showImageEffects":true,"showParticleSystems":true,"showVisualEffectGraphs":true,"m_FxEnabled":true},"in2DMode":false,"pivot":{"x":551.3092651367188,"y":297.14727783203127,"z":610.132080078125},"rotation":{"x":0.005690288729965687,"y":-0.008401387371122837,"z":-0.00004987631837138906,"w":-0.9999633431434631},"size":599.1826171875,"orthographic":false}