{"cameraMode":{"drawMode":0,"name":"Shaded","section":"Shading Mode"},"sceneLighting":true,"audioPlay":false,"sceneViewState":{"m_AlwaysRefresh":false,"showFog":true,"showSkybox":true,"showFlares":true,"showImageEffects":true,"showParticleSystems":true,"showVisualEffectGraphs":true,"m_FxEnabled":true},"in2DMode":false,"pivot":{"x":-18.96187400817871,"y":-2.6602859497070314,"z":41.43397903442383},"rotation":{"x":-0.042855165898799899,"y":0.2059154510498047,"z":-0.009030037559568882,"w":-0.9776038527488709},"size":25.37096405029297,"orthographic":false}