{"cameraMode":{"drawMode":0,"name":"Shaded","section":"Shading Mode"},"sceneLighting":true,"audioPlay":false,"sceneViewState":{"m_AlwaysRefresh":false,"showFog":true,"showSkybox":true,"showFlares":true,"showImageEffects":true,"showParticleSystems":true,"showVisualEffectGraphs":true,"m_FxEnabled":true},"in2DMode":false,"pivot":{"x":22.056644439697267,"y":8.225305557250977,"z":-66.4454574584961},"rotation":{"x":-0.0029152140486985447,"y":0.9967513680458069,"z":-0.06769748032093048,"w":-0.045401182025671008},"size":22.336942672729493,"orthographic":false}