{"cameraMode":{"drawMode":0,"name":"Shaded","section":"Shading Mode"},"sceneLighting":true,"audioPlay":false,"sceneViewState":{"m_AlwaysRefresh":false,"showFog":true,"showSkybox":true,"showFlares":true,"showImageEffects":true,"showParticleSystems":true,"showVisualEffectGraphs":true,"m_FxEnabled":true},"in2DMode":false,"pivot":{"x":28.568695068359376,"y":-29.98978042602539,"z":27.695480346679689},"rotation":{"x":0.22068044543266297,"y":0.10450543463230133,"z":-0.023740695789456369,"w":0.9694806933403015},"size":64.8681869506836,"orthographic":false}