{"cameraMode":{"drawMode":0,"name":"Shaded","section":"Shading Mode"},"sceneLighting":true,"audioPlay":false,"sceneViewState":{"m_AlwaysRefresh":false,"showFog":true,"showSkybox":true,"showFlares":true,"showImageEffects":true,"showParticleSystems":true,"showVisualEffectGraphs":true,"m_FxEnabled":true},"in2DMode":false,"pivot":{"x":24.916393280029298,"y":4.024958610534668,"z":-7.460331916809082},"rotation":{"x":0.04081264138221741,"y":0.7643532752990723,"z":-0.04834625497460365,"w":0.6418192386627197},"size":15.034360885620118,"orthographic":false}