{"cameraMode":{"drawMode":0,"name":"Shaded","section":"Shading Mode"},"sceneLighting":true,"audioPlay":false,"sceneViewState":{"m_AlwaysRefresh":false,"showFog":true,"showSkybox":true,"showFlares":true,"showImageEffects":true,"showParticleSystems":true,"showVisualEffectGraphs":true,"m_FxEnabled":true},"in2DMode":false,"pivot":{"x":2.20194673538208,"y":-1.9919466972351075,"z":22.465288162231447},"rotation":{"x":0.06326140463352204,"y":0.01758754625916481,"z":-0.001023438642732799,"w":0.9979027509689331},"size":15.393033981323243,"orthographic":false}