{"cameraMode":{"drawMode":0,"name":"Shaded","section":"Shading Mode"},"sceneLighting":true,"audioPlay":false,"sceneViewState":{"m_AlwaysRefresh":false,"showFog":true,"showSkybox":true,"showFlares":true,"showImageEffects":true,"showParticleSystems":true,"showVisualEffectGraphs":true,"m_FxEnabled":true},"in2DMode":false,"pivot":{"x":416.5133056640625,"y":-15.353143692016602,"z":145.77317810058595},"rotation":{"x":0.029048601165413858,"y":0.6122774481773377,"z":-0.021785834804177285,"w":0.7901044487953186},"size":263.5784912109375,"orthographic":false}