{"cameraMode":{"drawMode":0,"name":"Shaded","section":"Shading Mode"},"sceneLighting":true,"audioPlay":false,"sceneViewState":{"m_AlwaysRefresh":false,"showFog":true,"showSkybox":true,"showFlares":true,"showImageEffects":true,"showParticleSystems":true,"showVisualEffectGraphs":true,"m_FxEnabled":true},"in2DMode":false,"pivot":{"x":586.8101196289063,"y":238.77557373046876,"z":454.59210205078127},"rotation":{"x":0.06326881796121597,"y":-0.0021768747828900816,"z":0.00030285489629022777,"w":0.9980804324150086},"size":599.1826171875,"orthographic":false}