{"cameraMode":{"drawMode":0,"name":"Shaded","section":"Shading Mode"},"sceneLighting":true,"audioPlay":false,"sceneViewState":{"m_AlwaysRefresh":false,"showFog":true,"showSkybox":true,"showFlares":true,"showImageEffects":true,"showParticleSystems":true,"showVisualEffectGraphs":true,"m_FxEnabled":true},"in2DMode":false,"pivot":{"x":-13.602273941040039,"y":-38.136348724365237,"z":77.91673278808594},"rotation":{"x":0.23687368631362916,"y":-0.09371265023946762,"z":0.023844724521040918,"w":0.9670240879058838},"size":47.5918083190918,"orthographic":false}