{"cameraMode":{"drawMode":0,"name":"Shaded","section":"Shading Mode"},"sceneLighting":true,"audioPlay":false,"sceneViewState":{"m_AlwaysRefresh":false,"showFog":true,"showSkybox":true,"showFlares":true,"showImageEffects":true,"showParticleSystems":true,"showVisualEffectGraphs":true,"m_FxEnabled":true},"in2DMode":false,"pivot":{"x":-25.300058364868165,"y":-14.064071655273438,"z":10.326048851013184},"rotation":{"x":-0.2029268890619278,"y":0.5512610077857971,"z":-0.14035683870315553,"w":-0.7970266342163086},"size":18.931612014770509,"orthographic":false}